{
    "swagger": "2.0",
    "info": {
        "contact": {}
    },
    "paths": {
        "/api/admin/update/:code": {
            "put": {
                "description": "Update a user item",
                "consumes": [
                    "application/json"
                ],
                "produces": [
                    "application/json"
                ],
                "tags": [
                    "users"
                ],
                "summary": "Update a user Admin",
                "parameters": [
                    {
                        "type": "string",
                        "description": "code",
                        "name": "code",
                        "in": "query"
                    }
                ],
                "responses": {
                    "200": {
                        "description": "OK",
                        "schema": {
                            "$ref": "#/definitions/users.User"
                        }
                    },
                    "400": {
                        "description": "Bad Request",
                        "schema": {
                            "$ref": "#/definitions/support.HttpError"
                        }
                    }
                }
            }
        },
        "/api/categorys": {
            "get": {
                "description": "Get item",
                "consumes": [
                    "application/json"
                ],
                "produces": [
                    "application/json"
                ],
                "tags": [
                    "categorys"
                ],
                "summary": "Get a category",
                "parameters": [
                    {
                        "type": "string",
                        "description": "code",
                        "name": "code",
                        "in": "query"
                    }
                ],
                "responses": {
                    "201": {
                        "description": "Created",
                        "schema": {
                            "$ref": "#/definitions/category.Category"
                        }
                    },
                    "400": {
                        "description": "Bad Request",
                        "schema": {
                            "$ref": "#/definitions/support.HttpError"
                        }
                    }
                }
            },
            "put": {
                "description": "Update an new category item",
                "consumes": [
                    "application/json"
                ],
                "produces": [
                    "application/json"
                ],
                "tags": [
                    "categorys"
                ],
                "summary": "Update an category",
                "responses": {
                    "200": {
                        "description": "OK",
                        "schema": {
                            "$ref": "#/definitions/category.Category"
                        }
                    },
                    "400": {
                        "description": "Bad Request",
                        "schema": {
                            "$ref": "#/definitions/support.HttpError"
                        }
                    }
                }
            },
            "delete": {
                "description": "Delte item",
                "consumes": [
                    "application/json"
                ],
                "produces": [
                    "application/json"
                ],
                "tags": [
                    "categorys"
                ],
                "summary": "Delte a category",
                "parameters": [
                    {
                        "type": "string",
                        "description": "code",
                        "name": "code",
                        "in": "query"
                    }
                ],
                "responses": {
                    "200": {
                        "description": "OK",
                        "schema": {
                            "$ref": "#/definitions/category.Category"
                        }
                    },
                    "400": {
                        "description": "Bad Request",
                        "schema": {
                            "$ref": "#/definitions/support.HttpError"
                        }
                    }
                }
            }
        },
        "/api/dashboard": {
            "get": {
                "description": "Get  Dashboard",
                "consumes": [
                    "application/json"
                ],
                "produces": [
                    "application/json"
                ],
                "tags": [
                    "Dashboard"
                ],
                "summary": "Get  Dashboard",
                "responses": {
                    "201": {
                        "description": "Created",
                        "schema": {
                            "$ref": "#/definitions/dashboard.Dashboard"
                        }
                    },
                    "400": {
                        "description": "Bad Request",
                        "schema": {
                            "$ref": "#/definitions/support.HttpError"
                        }
                    }
                }
            }
        },
        "/api/logout": {
            "post": {
                "description": "logout user",
                "consumes": [
                    "application/json"
                ],
                "produces": [
                    "application/json"
                ],
                "tags": [
                    "users"
                ],
                "summary": "logout a user",
                "responses": {
                    "200": {
                        "description": "OK",
                        "schema": {
                            "$ref": "#/definitions/users.User"
                        }
                    },
                    "400": {
                        "description": "Bad Request",
                        "schema": {
                            "$ref": "#/definitions/support.HttpError"
                        }
                    }
                }
            }
        },
        "/api/news": {
            "get": {
                "description": "Get item",
                "consumes": [
                    "application/json"
                ],
                "produces": [
                    "application/json"
                ],
                "tags": [
                    "news"
                ],
                "summary": "Get a news",
                "parameters": [
                    {
                        "type": "string",
                        "description": "code",
                        "name": "code",
                        "in": "query"
                    }
                ],
                "responses": {
                    "201": {
                        "description": "Created",
                        "schema": {
                            "$ref": "#/definitions/news.News"
                        }
                    },
                    "400": {
                        "description": "Bad Request",
                        "schema": {
                            "$ref": "#/definitions/support.HttpError"
                        }
                    }
                }
            },
            "put": {
                "description": "Update an new news item",
                "consumes": [
                    "application/json"
                ],
                "produces": [
                    "application/json"
                ],
                "tags": [
                    "news"
                ],
                "summary": "Update an news",
                "responses": {
                    "200": {
                        "description": "OK",
                        "schema": {
                            "$ref": "#/definitions/news.News"
                        }
                    },
                    "400": {
                        "description": "Bad Request",
                        "schema": {
                            "$ref": "#/definitions/support.HttpError"
                        }
                    }
                }
            },
            "post": {
                "description": "Create a new news item",
                "consumes": [
                    "application/json"
                ],
                "produces": [
                    "application/json"
                ],
                "tags": [
                    "news"
                ],
                "summary": "Create a news",
                "responses": {
                    "201": {
                        "description": "Created",
                        "schema": {
                            "$ref": "#/definitions/news.News"
                        }
                    },
                    "400": {
                        "description": "Bad Request",
                        "schema": {
                            "$ref": "#/definitions/support.HttpError"
                        }
                    }
                }
            },
            "delete": {
                "description": "Delte item",
                "consumes": [
                    "application/json"
                ],
                "produces": [
                    "application/json"
                ],
                "tags": [
                    "news"
                ],
                "summary": "Delete a news",
                "parameters": [
                    {
                        "type": "string",
                        "description": "code",
                        "name": "code",
                        "in": "query"
                    }
                ],
                "responses": {
                    "200": {
                        "description": "OK",
                        "schema": {
                            "$ref": "#/definitions/news.News"
                        }
                    },
                    "400": {
                        "description": "Bad Request",
                        "schema": {
                            "$ref": "#/definitions/support.HttpError"
                        }
                    }
                }
            }
        },
        "/api/pages": {
            "get": {
                "description": "Get item",
                "consumes": [
                    "application/json"
                ],
                "produces": [
                    "application/json"
                ],
                "tags": [
                    "pages"
                ],
                "summary": "Get a page",
                "parameters": [
                    {
                        "type": "string",
                        "description": "code",
                        "name": "code",
                        "in": "query"
                    }
                ],
                "responses": {
                    "201": {
                        "description": "Created",
                        "schema": {
                            "$ref": "#/definitions/pages.Page"
                        }
                    },
                    "400": {
                        "description": "Bad Request",
                        "schema": {
                            "$ref": "#/definitions/support.HttpError"
                        }
                    }
                }
            },
            "put": {
                "description": "Update an new page item",
                "consumes": [
                    "application/json"
                ],
                "produces": [
                    "application/json"
                ],
                "tags": [
                    "pages"
                ],
                "summary": "Update an page",
                "responses": {
                    "200": {
                        "description": "OK",
                        "schema": {
                            "$ref": "#/definitions/pages.Page"
                        }
                    },
                    "400": {
                        "description": "Bad Request",
                        "schema": {
                            "$ref": "#/definitions/support.HttpError"
                        }
                    }
                }
            },
            "post": {
                "description": "Create a new page item",
                "consumes": [
                    "application/json"
                ],
                "produces": [
                    "application/json"
                ],
                "tags": [
                    "pages"
                ],
                "summary": "Create a page",
                "responses": {
                    "201": {
                        "description": "Created",
                        "schema": {
                            "$ref": "#/definitions/pages.Page"
                        }
                    },
                    "400": {
                        "description": "Bad Request",
                        "schema": {
                            "$ref": "#/definitions/support.HttpError"
                        }
                    }
                }
            },
            "delete": {
                "description": "Delte item",
                "consumes": [
                    "application/json"
                ],
                "produces": [
                    "application/json"
                ],
                "tags": [
                    "pages"
                ],
                "summary": "Delte a page",
                "parameters": [
                    {
                        "type": "string",
                        "description": "code",
                        "name": "code",
                        "in": "query"
                    }
                ],
                "responses": {
                    "200": {
                        "description": "OK",
                        "schema": {
                            "$ref": "#/definitions/pages.Page"
                        }
                    },
                    "400": {
                        "description": "Bad Request",
                        "schema": {
                            "$ref": "#/definitions/support.HttpError"
                        }
                    }
                }
            }
        },
        "/api/tags": {
            "get": {
                "description": "Get item",
                "consumes": [
                    "application/json"
                ],
                "produces": [
                    "application/json"
                ],
                "tags": [
                    "tags"
                ],
                "summary": "Get a tag",
                "parameters": [
                    {
                        "type": "string",
                        "description": "code",
                        "name": "code",
                        "in": "query"
                    }
                ],
                "responses": {
                    "201": {
                        "description": "Created",
                        "schema": {
                            "$ref": "#/definitions/tags.Tag"
                        }
                    },
                    "400": {
                        "description": "Bad Request",
                        "schema": {
                            "$ref": "#/definitions/support.HttpError"
                        }
                    }
                }
            },
            "put": {
                "description": "Update an new tag item",
                "consumes": [
                    "application/json"
                ],
                "produces": [
                    "application/json"
                ],
                "tags": [
                    "tags"
                ],
                "summary": "Update an tag",
                "responses": {
                    "200": {
                        "description": "OK",
                        "schema": {
                            "$ref": "#/definitions/tags.Tag"
                        }
                    },
                    "400": {
                        "description": "Bad Request",
                        "schema": {
                            "$ref": "#/definitions/support.HttpError"
                        }
                    }
                }
            },
            "delete": {
                "description": "Delte item",
                "consumes": [
                    "application/json"
                ],
                "produces": [
                    "application/json"
                ],
                "tags": [
                    "tags"
                ],
                "summary": "Delte a tag",
                "parameters": [
                    {
                        "type": "string",
                        "description": "code",
                        "name": "code",
                        "in": "query"
                    }
                ],
                "responses": {
                    "200": {
                        "description": "OK",
                        "schema": {
                            "$ref": "#/definitions/tags.Tag"
                        }
                    },
                    "400": {
                        "description": "Bad Request",
                        "schema": {
                            "$ref": "#/definitions/support.HttpError"
                        }
                    }
                }
            }
        },
        "/api/users": {
            "get": {
                "description": "Get item",
                "consumes": [
                    "application/json"
                ],
                "produces": [
                    "application/json"
                ],
                "tags": [
                    "users"
                ],
                "summary": "Get a user",
                "parameters": [
                    {
                        "type": "string",
                        "description": "code",
                        "name": "code",
                        "in": "query"
                    }
                ],
                "responses": {
                    "201": {
                        "description": "Created",
                        "schema": {
                            "$ref": "#/definitions/users.User"
                        }
                    },
                    "400": {
                        "description": "Bad Request",
                        "schema": {
                            "$ref": "#/definitions/support.HttpError"
                        }
                    }
                }
            },
            "put": {
                "description": "Update a user item",
                "consumes": [
                    "application/json"
                ],
                "produces": [
                    "application/json"
                ],
                "tags": [
                    "users"
                ],
                "summary": "Update a user",
                "parameters": [
                    {
                        "type": "string",
                        "description": "code",
                        "name": "code",
                        "in": "query"
                    }
                ],
                "responses": {
                    "200": {
                        "description": "OK",
                        "schema": {
                            "$ref": "#/definitions/users.User"
                        }
                    },
                    "400": {
                        "description": "Bad Request",
                        "schema": {
                            "$ref": "#/definitions/support.HttpError"
                        }
                    }
                }
            },
            "delete": {
                "description": "Create a new user item",
                "consumes": [
                    "application/json"
                ],
                "produces": [
                    "application/json"
                ],
                "tags": [
                    "users"
                ],
                "summary": "Delete a user",
                "parameters": [
                    {
                        "type": "string",
                        "description": "code",
                        "name": "code",
                        "in": "query"
                    }
                ],
                "responses": {
                    "200": {
                        "description": "OK",
                        "schema": {
                            "type": "string"
                        }
                    },
                    "400": {
                        "description": "Bad Request",
                        "schema": {
                            "$ref": "#/definitions/support.HttpError"
                        }
                    }
                }
            }
        },
        "/api/users/reset": {
            "post": {
                "description": "Reset user",
                "consumes": [
                    "application/json"
                ],
                "produces": [
                    "application/json"
                ],
                "tags": [
                    "users"
                ],
                "summary": "Reset a user",
                "responses": {
                    "200": {
                        "description": "OK",
                        "schema": {
                            "$ref": "#/definitions/users.User"
                        }
                    },
                    "400": {
                        "description": "Bad Request",
                        "schema": {
                            "$ref": "#/definitions/support.HttpError"
                        }
                    }
                }
            }
        },
        "/forgot": {
            "post": {
                "description": "Forgot user",
                "consumes": [
                    "application/json"
                ],
                "produces": [
                    "application/json"
                ],
                "tags": [
                    "users"
                ],
                "summary": "Forgot a user",
                "responses": {
                    "200": {
                        "description": "OK",
                        "schema": {
                            "$ref": "#/definitions/users.User"
                        }
                    },
                    "400": {
                        "description": "Bad Request",
                        "schema": {
                            "$ref": "#/definitions/support.HttpError"
                        }
                    }
                }
            }
        },
        "/front/forgot": {
            "post": {
                "description": "Forgot user",
                "consumes": [
                    "application/json"
                ],
                "produces": [
                    "application/json"
                ],
                "tags": [
                    "users"
                ],
                "summary": "Forgot a user",
                "responses": {
                    "200": {
                        "description": "OK",
                        "schema": {
                            "$ref": "#/definitions/users.User"
                        }
                    },
                    "400": {
                        "description": "Bad Request",
                        "schema": {
                            "$ref": "#/definitions/support.HttpError"
                        }
                    }
                }
            }
        },
        "/health": {
            "get": {
                "description": "get the Health status of server.",
                "consumes": [
                    "*/*"
                ],
                "produces": [
                    "application/json"
                ],
                "tags": [
                    "Health Status"
                ],
                "summary": "Show the Health status of server.",
                "responses": {
                    "200": {
                        "description": "OK",
                        "schema": {
                            "type": "object",
                            "additionalProperties": true
                        }
                    }
                }
            }
        },
        "/home": {
            "get": {
                "description": "Get  Home",
                "consumes": [
                    "application/json"
                ],
                "produces": [
                    "application/json"
                ],
                "tags": [
                    "Home"
                ],
                "summary": "Get  Home",
                "responses": {
                    "201": {
                        "description": "Created",
                        "schema": {
                            "$ref": "#/definitions/dashboard.Home"
                        }
                    },
                    "400": {
                        "description": "Bad Request",
                        "schema": {
                            "$ref": "#/definitions/support.HttpError"
                        }
                    }
                }
            }
        },
        "/login": {
            "post": {
                "description": "Login user",
                "consumes": [
                    "application/json"
                ],
                "produces": [
                    "application/json"
                ],
                "tags": [
                    "users"
                ],
                "summary": "Login a user",
                "responses": {
                    "201": {
                        "description": "Created",
                        "schema": {
                            "$ref": "#/definitions/users.User"
                        }
                    },
                    "400": {
                        "description": "Bad Request",
                        "schema": {
                            "$ref": "#/definitions/support.HttpError"
                        }
                    }
                }
            }
        },
        "/news": {
            "get": {
                "description": "Get  BY Category item",
                "consumes": [
                    "application/json"
                ],
                "produces": [
                    "application/json"
                ],
                "tags": [
                    "news"
                ],
                "summary": "Get  BY Category a news",
                "parameters": [
                    {
                        "type": "string",
                        "description": "code",
                        "name": "code",
                        "in": "query"
                    }
                ],
                "responses": {
                    "201": {
                        "description": "Created",
                        "schema": {
                            "$ref": "#/definitions/news.News"
                        }
                    },
                    "400": {
                        "description": "Bad Request",
                        "schema": {
                            "$ref": "#/definitions/support.HttpError"
                        }
                    }
                }
            }
        },
        "/users": {
            "post": {
                "description": "Create a new user item",
                "consumes": [
                    "application/json"
                ],
                "produces": [
                    "application/json"
                ],
                "tags": [
                    "users"
                ],
                "summary": "Create a user",
                "responses": {
                    "201": {
                        "description": "Created",
                        "schema": {
                            "$ref": "#/definitions/users.User"
                        }
                    },
                    "400": {
                        "description": "Bad Request",
                        "schema": {
                            "$ref": "#/definitions/support.HttpError"
                        }
                    }
                }
            }
        }
    },
    "definitions": {
        "category.Category": {
            "type": "object",
            "properties": {
                "_id": {
                    "type": "string"
                },
                "base": {
                    "$ref": "#/definitions/support.Base"
                },
                "code": {
                    "type": "string"
                },
                "description": {
                    "type": "string"
                },
                "name": {
                    "type": "string"
                },
                "title": {
                    "type": "string"
                }
            }
        },
        "dashboard.ChartData": {
            "type": "object",
            "properties": {
                "all": {
                    "$ref": "#/definitions/dashboard.Module"
                },
                "exclusive": {
                    "$ref": "#/definitions/dashboard.Module"
                },
                "featured": {
                    "$ref": "#/definitions/dashboard.Module"
                },
                "latest": {
                    "$ref": "#/definitions/dashboard.Module"
                },
                "trending": {
                    "$ref": "#/definitions/dashboard.Module"
                }
            }
        },
        "dashboard.Dashboard": {
            "type": "object",
            "properties": {
                "all": {
                    "$ref": "#/definitions/dashboard.Module"
                },
                "chartdata": {
                    "$ref": "#/definitions/dashboard.ChartData"
                },
                "exclusive": {
                    "$ref": "#/definitions/dashboard.Module"
                },
                "featured": {
                    "$ref": "#/definitions/dashboard.Module"
                },
                "linechart": {
                    "type": "array",
                    "items": {
                        "$ref": "#/definitions/news.Weekly"
                    }
                },
                "news": {
                    "type": "array",
                    "items": {
                        "$ref": "#/definitions/news.News"
                    }
                },
                "sportcount": {
                    "type": "array",
                    "items": {
                        "$ref": "#/definitions/news.SportCount"
                    }
                },
                "trending": {
                    "$ref": "#/definitions/dashboard.Module"
                }
            }
        },
        "dashboard.Home": {
            "type": "object",
            "properties": {
                "exclusive": {
                    "type": "array",
                    "items": {
                        "$ref": "#/definitions/news.News"
                    }
                },
                "featured": {
                    "type": "array",
                    "items": {
                        "$ref": "#/definitions/news.News"
                    }
                },
                "latest": {
                    "type": "array",
                    "items": {
                        "$ref": "#/definitions/news.News"
                    }
                },
                "seo": {
                    "$ref": "#/definitions/pages.Page"
                },
                "trending": {
                    "type": "array",
                    "items": {
                        "$ref": "#/definitions/news.News"
                    }
                }
            }
        },
        "dashboard.Module": {
            "type": "object",
            "properties": {
                "name": {
                    "type": "string"
                },
                "total": {
                    "type": "integer"
                }
            }
        },
        "news.Comment": {
            "type": "object",
            "properties": {
                "image": {
                    "type": "string"
                },
                "message": {
                    "type": "string"
                },
                "name": {
                    "type": "string"
                },
                "time_ago": {
                    "type": "string"
                }
            }
        },
        "news.News": {
            "type": "object",
            "properties": {
                "_id": {
                    "type": "string"
                },
                "base": {
                    "$ref": "#/definitions/support.Base"
                },
                "caption": {
                    "type": "string"
                },
                "code": {
                    "type": "string"
                },
                "comments": {
                    "type": "array",
                    "items": {
                        "$ref": "#/definitions/news.Comment"
                    }
                },
                "content": {
                    "type": "string"
                },
                "exclusive": {
                    "type": "boolean"
                },
                "featured": {
                    "type": "boolean"
                },
                "meta": {
                    "type": "string"
                },
                "name": {
                    "type": "string"
                },
                "picture": {
                    "type": "string"
                },
                "sections": {
                    "type": "array",
                    "items": {
                        "$ref": "#/definitions/news.Section"
                    }
                },
                "sport": {
                    "type": "string"
                },
                "time_ago": {
                    "type": "string"
                },
                "title": {
                    "type": "string"
                },
                "trending": {
                    "type": "boolean"
                },
                "url": {
                    "type": "string"
                }
            }
        },
        "news.Section": {
            "type": "object",
            "properties": {
                "content": {
                    "type": "string"
                },
                "highlight": {
                    "type": "boolean"
                },
                "image": {
                    "type": "string"
                },
                "name": {
                    "type": "string"
                }
            }
        },
        "news.SportCount": {
            "type": "object",
            "properties": {
                "count": {
                    "type": "integer"
                },
                "sport": {
                    "type": "string"
                }
            }
        },
        "news.Weekly": {
            "type": "object",
            "properties": {
                "count": {
                    "type": "integer"
                },
                "id": {
                    "type": "integer"
                }
            }
        },
        "pages.Page": {
            "type": "object",
            "properties": {
                "_id": {
                    "type": "string"
                },
                "base": {
                    "$ref": "#/definitions/support.Base"
                },
                "code": {
                    "type": "string"
                },
                "content": {
                    "type": "string"
                },
                "meta": {
                    "type": "string"
                },
                "name": {
                    "type": "string"
                },
                "title": {
                    "type": "string"
                }
            }
        },
        "support.Base": {
            "type": "object",
            "properties": {
                "created_At": {
                    "type": "string"
                },
                "delete_At": {
                    "type": "string"
                },
                "updated_At": {
                    "type": "string"
                }
            }
        },
        "support.HttpError": {
            "type": "object",
            "properties": {
                "code": {
                    "type": "integer"
                },
                "errors": {
                    "type": "string"
                },
                "message": {
                    "type": "string"
                },
                "results": {
                    "type": "boolean"
                }
            }
        },
        "tags.Tag": {
            "type": "object",
            "properties": {
                "_id": {
                    "type": "string"
                },
                "base": {
                    "$ref": "#/definitions/support.Base"
                },
                "code": {
                    "type": "string"
                },
                "description": {
                    "type": "string"
                },
                "name": {
                    "type": "string"
                },
                "title": {
                    "type": "string"
                }
            }
        },
        "users.User": {
            "type": "object",
            "properties": {
                "_id": {
                    "type": "string"
                },
                "address": {
                    "type": "string"
                },
                "admin": {
                    "type": "boolean"
                },
                "base": {
                    "$ref": "#/definitions/support.Base"
                },
                "birthday": {
                    "type": "string"
                },
                "email": {
                    "type": "string"
                },
                "fullname": {
                    "type": "string"
                },
                "password": {
                    "type": "string"
                },
                "phone": {
                    "type": "string"
                },
                "picture": {
                    "type": "string"
                },
                "user_agent": {
                    "type": "string"
                },
                "usercode": {
                    "type": "string"
                },
                "username": {
                    "type": "string"
                }
            }
        }
    }
}